date,minute,label,open,high,low,close,average,volume,notional,numberOfTrades,marketOpen,marketHigh,marketLow,marketClose,marketAverage,marketVolume,marketNotional,marketNumberOfTrades
2020-11-24,09:30,09:30,1726.965,1734.63,1720.835,1730.58,1728.053454,10293,17786855.104999997,148,1727.5,1735.882,1720.73,1731.08,1727.87178,87883,151850568.12669998,552
2020-11-24,10:00,10:00,1730.61,1731.8,1721.73,1726.02,1726.538621,2307,3983124.61,57,1731.12,1731.86,1722.29,1724.19,1726.631227,20749,35825874.181,189
2020-11-24,10:30,10:30,1725.44,1743.15,1722.92,1739.78,1734.527494,4810,8343077.645,88,1724.69,1743.62,1721.49,1740.44,1735.444334,32644,56651847.8945,287
2020-11-24,11:00,11:00,1740.74,1750.19,1740.52,1749.11,1747.096667,3676,6422326.454999999,104,1740.71,1750.49,1740.04,1748.745,1746.978304,40077,70013651.02120002,349
2020-11-24,11:30,11:30,1748.33,1756.5,1747.94,1754.63,1750.234978,2677,4685378.759999999,40,1748.7,1756.91,1746.21,1754.185,1751.172129,17347,30377582.214999996,146
2020-11-24,12:00,12:00,1754.61,1754.61,1750.04,1751.18,1752.502663,1802,3158009.6149999993,38,1754.61,1754.61,1749.76,1751.31,1752.069957,13304,23309538.6654,123
2020-11-24,12:30,12:30,1751.3,1756.26,1751.3,1755.98,1754.95275,1233,2163856.725,29,1751.83,1756.858,1751.3,1756.78,1754.409793,15531,27247738.365000002,121
2020-11-24,13:00,13:00,1756.3,1758.45,1753.785,1756.82,1755.906946,1676,2942900.455,31,1755.65,1759.01,1753.608,1757.15,1756.848037,34012,59753915.9564,265
2020-11-24,13:30,13:30,1756.36,1762.14,1756.36,1762.14,1760.539254,1220,2147857.89,41,1757.63,1762.49,1756.6,1762.15,1760.538956,20466,36031190.4054,171
2020-11-24,14:00,14:00,1762.47,1762.47,1757.42,1758.575,1759.354864,786,1382852.9849999999,23,1763.12,1763.48,1756.66,1758.53,1759.498553,14161,24916259.730999995,124
2020-11-24,14:30,14:30,1758.41,1760.06,1756.775,1757.09,1758.045818,1625,2856824.775,48,1758.92,1760.45,1756.46,1758.03,1758.286231,19292,33920860.296000004,178
2020-11-24,15:00,15:00,1757.85,1761.89,1757.85,1761.345,1759.928028,4483,7889757.694999999,121,1757.855,1762.64,1757.822,1762.19,1760.113297,22073,38850980.9365,184
2020-11-24,15:30,15:30,1762.73,1766.1,1760.835,1763.81,1763.365515,4758,8390093.41,187,1762.61,1766.475,1760.771,1762.7,1763.498694,69765,123030485.05890001,633
2020-11-25,09:30,09:30,1768.25,1769.95,1752.125,1755.48,1760.638397,9550,16814097.18,253,1767.81,1769.95,1751.7,1753.175,1763.403496,93114,164197559.54940003,577
2020-11-25,10:00,10:00,1753.525,1755.545,1748.57,1751.62,1751.963006,3394,5946162.779999999,143,1754.73,1755.762,1748.36,1753.13,1752.362302,21879,38339934.1129,197
2020-11-25,10:30,10:30,1753.63,1761.57,1752.77,1761.305,1757.037755,5599,9837654.84,134,1753.12,1761.569,1752.45,1761.03,1756.327915,37591,66022126.21920001,210
2020-11-25,11:00,11:00,1761.67,1764.94,1757.3,1759.36,1761.466738,4341,7646526.65,172,1761.95,1764.062,1757.205,1760.227,1761.696144,33184,58460120.1625,243
2020-11-25,11:30,11:30,1759.345,1761.8,1758.41,1761.8,1759.989848,2571,4524933.975,98,1759.741,1761.97,1757.825,1761.265,1759.876041,19340,34036007.0336,137
2020-11-25,12:00,12:00,1761.745,1767.48,1761.11,1766.715,1764.586201,2497,4406171.7299999995,140,1761.019,1767.86,1761.019,1766.715,1764.269635,13603,23999360.419599995,119
2020-11-25,12:30,12:30,1766.67,1769.165,1766.395,1769.065,1767.737641,1480,2616251.8099999996,105,1766.979,1769.155,1765.859,1768.21,1767.751305,11522,20368031.700499997,82
2020-11-25,13:00,13:00,1769.075,1770.51,1765.195,1765.195,1768.195378,489,864647.4799999999,79,1770.0,1770.38,1765.19,1765.19,1768.396002,5992,10596229.462199999,47
2020-11-25,13:30,13:30,1764.655,1770.94,1763.41,1770.165,1767.915657,683,1207486.4250000003,70,1764.36,1770.36,1764.36,1770.165,1767.862458,7109,12567733.949199999,53
2020-11-25,14:00,14:00,1769.8,1770.355,1766.085,1768.95,1768.648353,1197,2117072.065,75,1770.03,1770.03,1765.909,1769.13,1768.09428,10601,18743567.45,75
2020-11-25,14:30,14:30,1769.05,1769.44,1763.62,1766.125,1766.307453,3212,5673378.825,97,1769.19,1769.44,1763.835,1765.705,1766.554387,19903,35159735.4376,181
2020-11-25,15:00,15:00,1766.17,1769.38,1764.33,1768.59,1767.12374,886,1565671.64,79,1765.955,1769.945,1764.39,1768.47,1767.137649,9991,17655472.975,94
2020-11-25,15:30,15:30,1768.07,1768.53,1762.15,1764.48,1765.966287,6908,12199294.785000004,262,1768.085,1768.53,1762.12,1764.13,1765.441312,62440,110234165.4555,552
2020-11-27,09:30,09:30,1765.81,1781.585,1764.8,1778.84,1775.603117,5144,9133702.540000003,172,1764.54,1782.25,1764.54,1778.3,1772.490254,82609,146423658.44239998,481
2020-11-27,10:00,10:00,1778.835,1789.79,1774.935,1785.84,1783.334106,5793,10330854.335,135,1779.31,1790.07,1775.04,1785.84,1784.582209,42956,76658509.56950001,372
2020-11-27,10:30,10:30,1786.31,1793.28,1786.31,1793.085,1790.366837,8871,15882345.24,124,1786.31,1793.15,1786.31,1793.085,1790.508272,46314,82925599.75699998,371
2020-11-27,11:00,11:00,1793.42,1795.2,1790.52,1795.2,1792.603182,839,1503993.8950000003,41,1793.31,1795.735,1790.0,1795.735,1792.64959,24792,44443371.152499996,215
2020-11-27,11:30,11:30,1795.8,1796.975,1780.5,1780.695,1789.354393,2247,4020679.465,65,1795.72,1797.01,1780.44,1781.145,1789.531344,36458,65242734.67530001,287
2020-11-27,12:00,12:00,1781.71,1785.05,1776.01,1780.8,1781.462811,1655,2948321.305,63,1781.63,1785.01,1775.54,1781.6,1780.182076,21641,38524919.6174,166
2020-11-27,12:30,12:30,1781.53,1787.85,1779.01,1787.82,1781.938651,3322,5919600.289999999,117,1781.535,1787.95,1777.97,1786.27,1783.421752,34342,61246267.179,276
2020-11-30,09:30,09:30,1775.16,1780.75,1763.03,1766.425,1770.386231,10789,19100697.855,145,1775.65,1780.335,1762.76,1765.66,1770.485342,88193,156144421.8883,469
2020-11-30,10:00,10:00,1766.44,1766.625,1759.94,1760.865,1762.740471,19550,34461574.260000005,194,1767.12,1767.17,1759.03,1760.84,1762.159529,59704,105207973.92780003,338
2020-11-30,10:30,10:30,1759.72,1760.05,1749.9,1754.24,1753.379776,3028,5309234.489999999,72,1759.3,1760.52,1748.51,1754.12,1753.348845,34174,59918942.6393,275
2020-11-30,11:00,11:00,1752.98,1757.035,1750.56,1753.705,1754.473744,6506,11414605.61,140,1754.07,1757.125,1750.5,1753.695,1754.263451,29290,51382375.43,253
2020-11-30,11:30,11:30,1752.63,1753.76,1750.0,1752.155,1752.3915,7776,13626596.605,108,1752.67,1753.99,1749.14,1751.46,1752.340009,25945,45464461.92819999,176
2020-11-30,12:00,12:00,1751.86,1754.45,1749.3,1754.45,1751.547118,5649,9894490.079999998,105,1751.38,1754.205,1749.23,1754.205,1751.514923,22571,39533441.150000006,187
2020-11-30,12:30,12:30,1754.405,1754.55,1751.5,1752.85,1753.312987,1240,2174108.0400000005,41,1754.405,1754.55,1751.94,1753.095,1753.161059,34510,60501581.556200005,93
2020-11-30,13:00,13:00,1752.66,1754.09,1750.0,1751.31,1751.895184,4217,7387742.17,82,1753.137,1754.89,1749.855,1751.09,1752.331574,27046,47393558.92620001,182
2020-11-30,13:30,13:30,1750.71,1754.63,1749.0,1753.6,1752.402455,6551,11479988.02,119,1750.42,1755.0,1748.77,1754.11,1751.922699,19500,34162494.6444,163
2020-11-30,14:00,14:00,1752.94,1755.56,1752.94,1754.65,1754.552738,8377,14697889.079999998,132,1754.255,1755.65,1752.96,1754.85,1754.499177,26027,45664351.756,216
2020-11-30,14:30,14:30,1754.71,1759.37,1754.71,1759.37,1757.121026,7041,12371890.08,160,1755.96,1759.0,1754.73,1758.72,1756.953276,25753,45246822.4492,171
2020-11-30,15:00,15:00,1759.28,1759.56,1752.88,1752.88,1756.314947,9144,16059743.41,214,1759.77,1759.98,1752.69,1752.69,1755.912318,26660,46812624.209,245
2020-11-30,15:30,15:30,1752.935,1757.83,1748.0,1756.41,1752.488303,26472,46391869.965,632,1753.44,1758.01,1747.84,1756.32,1752.242707,128271,224761940.9951,1077
2020-12-01,09:30,09:30,1766.655,1780.97,1763.68,1773.81,1769.84451,21667,38347216.9,377,1766.655,1782.5,1763.03,1776.36,1770.852011,144459,255815529.47890005,973
2020-12-01,10:00,10:00,1775.98,1793.925,1775.95,1788.15,1787.015341,2920,5218085.364999999,95,1776.37,1793.79,1775.59,1789.225,1785.901709,64349,114920988.86629999,482
2020-12-01,10:30,10:30,1787.95,1787.95,1781.68,1783.45,1784.528658,5021,8960119.36,130,1789.43,1789.45,1780.5,1783.04,1784.086541,36847,65738238.035,272
2020-12-01,11:00,11:00,1783.64,1790.94,1783.42,1790.94,1786.791825,8940,15973919.235000001,112,1783.65,1791.74,1782.678,1790.865,1787.30199,30732,54927367.797900006,217
2020-12-01,11:30,11:30,1791.22,1800.23,1791.22,1800.23,1796.472099,2746,4933112.77,77,1792.0,1800.78,1789.0,1800.28,1797.142168,70284,126310340.90790002,483
2020-12-01,12:00,12:00,1801.0,1814.0,1801.0,1814.0,1810.143658,4218,7635186.615,97,1800.91,1814.2,1800.79,1814.0,1809.332959,81928,148235033.84769997,581
2020-12-01,12:30,12:30,1813.935,1820.0,1804.42,1805.92,1811.718357,7873,14263658.180000002,129,1813.935,1821.72,1804.41,1807.0,1813.689114,66775,121109094.03810002,512
2020-12-01,13:00,13:00,1806.775,1811.71,1806.03,1811.71,1807.665586,9291,16795021.270000003,93,1807.6,1813.0,1805.692,1812.88,1808.159005,38767,70096903.08779998,299
2020-12-01,13:30,13:30,1812.65,1813.175,1808.84,1808.84,1811.575591,1246,2257223.14,42,1812.4,1813.55,1808.33,1808.74,1811.057145,15308,27723662.746,116
2020-12-01,14:00,14:00,1808.32,1812.97,1805.615,1806.02,1808.764928,1764,3190661.26,53,1808.27,1812.97,1805.345,1806.035,1808.555773,15531,28088679.079900004,142
2020-12-01,14:30,14:30,1805.32,1806.42,1796.07,1797.405,1803.549677,13046,23529109.750000007,139,1805.0,1806.706,1795.089,1797.93,1802.745252,35700,64358010.61770001,235
2020-12-01,15:00,15:00,1797.66,1798.83,1787.95,1793.74,1793.440717,9352,16772258.235,143,1797.66,1798.624,1787.87,1793.78,1792.379976,41936,75165253.97809999,344
2020-12-01,15:30,15:30,1794.015,1798.56,1791.43,1794.68,1795.090071,9430,16927701.265000004,218,1793.52,1798.76,1791.65,1794.22,1795.145473,81097,145580919.1116,749
2020-12-02,09:30,09:30,1795.39,1798.925,1786.44,1795.075,1792.165401,7452,13355216.754999999,143,1795.36,1799.37,1785.169,1794.23,1793.495677,87323,156613426.17650002,514
2020-12-02,10:00,10:00,1796.06,1797.0,1791.66,1797.0,1792.994042,1872,3356484.955,37,1795.105,1796.71,1790.315,1796.66,1793.310826,19830,35561350.6,176
2020-12-03,09:30,09:30,1823.94,1838.64,1820.98,1838.03,1832.370586,4199,7694124.585000002,140,1820.54,1839.86,1820.01,1837.608,1829.853118,80416,147149454.8733,465
2020-12-03,10:00,10:00,1837.665,1843.03,1834.06,1841.255,1837.333818,4536,8334146.839999998,94,1837.665,1843.74,1833.71,1841.268,1839.128998,50994,93784543.0682,386
2020-12-03,10:30,10:30,1841.12,1841.55,1826.67,1831.25,1833.532442,3633,6661223.21,109,1841.96,1843.83,1825.85,1828.26,1833.799408,45466,83375532.28400001,367
2020-12-03,11:00,11:00,1829.07,1829.6,1818.38,1826.83,1826.088982,2594,4736874.94,93,1827.89,1829.99,1817.82,1827.0,1826.076625,43541,79509206.1775,323
2020-12-03,11:30,11:30,1826.685,1834.27,1826.685,1833.59,1828.686136,2695,4928309.989999997,53,1826.765,1834.5,1826.765,1833.19,1829.554817,19297,35304920.2007,138
2020-12-03,12:00,12:00,1833.72,1835.43,1822.58,1823.36,1826.711138,3818,6974382.859999999,135,1833.81,1835.22,1823.09,1823.99,1827.441508,45904,83886871.4459,356
2020-12-03,12:30,12:30,1823.28,1826.505,1819.68,1821.7,1821.370766,2641,4810239.825000001,108,1824.01,1825.87,1819.57,1820.935,1821.443554,26320,47940398.47180001,230
2020-12-03,13:00,13:00,1821.87,1822.67,1817.17,1822.08,1820.388631,1158,2108010.0600000005,47,1821.18,1823.02,1817.0,1823.02,1820.106604,19041,34656650.735,169
2020-12-03,13:30,13:30,1822.59,1822.59,1819.1,1819.1,1820.871946,534,972345.6500000001,32,1822.633,1822.633,1818.3,1820.145,1820.834387,10377,18894799.1032,72
2020-12-03,14:00,14:00,1820.56,1822.2,1820.33,1820.33,1821.650236,521,949079.7799999998,31,1820.55,1822.485,1819.59,1820.21,1821.431266,14278,26006393.8614,123
2020-12-03,14:30,14:30,1820.72,1827.71,1820.71,1827.71,1821.999126,2117,3857172.0299999993,60,1820.86,1827.68,1820.687,1827.68,1822.86741,16364,29829403.564200003,129
2020-12-03,15:00,15:00,1827.2,1828.52,1824.28,1828.52,1826.549469,879,1605537.03,46,1827.655,1828.6,1824.36,1828.518,1826.820565,21503,39282121.9904,175
2020-12-03,15:30,15:30,1828.86,1830.82,1818.91,1821.31,1822.779694,3951,7201802.64,137,1828.857,1830.6,1818.121,1823.22,1823.628909,73049,133214277.50480002,607
2020-12-04,09:30,09:30,1820.47,1823.9,1814.28,1821.53,1819.656282,2577,4689254.475,94,1820.22,1823.02,1813.59,1820.13,1819.668611,47844,87060219.7806,210
2020-12-04,10:00,10:00,1822.02,1823.49,1817.27,1817.27,1820.094631,7765,14133035.099999998,143,1822.16,1823.95,1816.53,1817.27,1820.381924,31990,58234016.155300006,269
2020-12-04,10:30,10:30,1816.95,1825.61,1815.925,1822.955,1822.181114,11561,21066237.0,211,1816.75,1825.236,1815.79,1822.125,1821.750772,32216,58689524.39659999,291
2020-12-04,11:00,11:00,1822.8,1823.5,1818.61,1822.7,1820.683267,7095,12917747.589999998,185,1822.8,1823.4,1818.24,1822.315,1820.688906,25767,46913691.66,242
2020-12-04,11:30,11:30,1822.61,1827.3,1820.06,1821.7,1825.185352,8202,14970172.335,171,1822.61,1827.552,1821.01,1822.62,1824.231396,24511,44713737.752299994,210
2020-12-04,12:00,12:00,1821.27,1825.91,1821.27,1823.11,1823.588649,1419,2587671.975,44,1823.65,1826.25,1820.276,1822.675,1823.690514,9983,18205902.836,84
2020-12-04,12:30,12:30,1823.74,1828.91,1821.9,1827.02,1825.297682,6372,11630796.949999997,118,1822.55,1829.09,1821.55,1828.52,1825.333589,14471,26414403.59,127
2020-12-04,13:00,13:00,1828.38,1829.65,1825.44,1825.44,1828.79493,3254,5950898.660000002,73,1828.41,1829.499,1825.12,1825.226,1828.222351,10431,19070188.767600004,83
2020-12-04,13:30,13:30,1826.0,1828.46,1824.01,1824.01,1826.673639,3778,6901171.964999999,35,1825.99,1828.35,1823.85,1823.85,1826.219298,17313,31617331.748999998,114
2020-12-04,14:00,14:00,1823.59,1823.79,1820.82,1820.82,1821.937167,1308,2383093.665,34,1823.7,1823.77,1819.0,1819.32,1821.720216,15897,28959885.3332,129
2020-12-04,14:30,14:30,1820.2,1823.07,1819.54,1822.76,1821.416195,3522,6415026.909999999,52,1819.76,1823.16,1819.29,1823.16,1821.1382,14318,26075057.026,107
2020-12-04,15:00,15:00,1822.11,1823.56,1820.2,1823.205,1821.946331,7307,13312962.565,140,1822.305,1823.79,1820.0,1823.332,1821.844254,18236,33223150.9631,157
2020-12-04,15:30,15:30,1824.78,1825.99,1822.245,1823.03,1824.198877,11257,20535008.249999996,356,1824.0,1826.12,1822.07,1823.73,1824.286612,71768,130925410.59449999,670
2020-12-07,09:30,09:30,1816.16,1827.12,1810.0,1825.64,1819.656903,9919,18049176.86,245,1815.55,1827.945,1810.0,1826.445,1817.262833,65478,118990752.9496,342
2020-12-07,10:00,10:00,1827.35,1829.29,1821.34,1823.39,1825.795256,6041,11029629.334999999,152,1826.775,1829.29,1822.19,1823.045,1825.880274,39548,72209911.6017,312
2020-12-07,10:30,10:30,1823.1,1824.99,1816.93,1816.93,1820.703841,3502,6376105.024999999,104,1823.01,1825.55,1816.93,1817.75,1819.991342,17989,32739823.126899995,131
2020-12-07,11:00,11:00,1817.35,1820.44,1814.8,1817.335,1817.848401,4549,8269392.439999999,116,1817.83,1820.41,1814.805,1817.99,1817.811005,13989,25429356.8227,131
2020-12-07,11:30,11:30,1818.6,1818.6,1813.84,1814.81,1814.939131,8728,15840790.155,156,1818.264,1818.264,1813.179,1814.5,1815.242398,19322,35074113.3666,146
2020-12-07,12:00,12:00,1813.89,1813.89,1810.74,1812.505,1812.111783,2625,4756793.415000001,98,1813.89,1813.89,1810.98,1812.99,1812.34094,12094,21918450.34,84
2020-12-07,12:30,12:30,1813.485,1813.485,1807.81,1808.15,1810.98093,3900,7062826.080000001,130,1813.27,1813.955,1807.47,1807.47,1810.775282,11982,21696708.689400002,106
2020-12-07,13:00,13:00,1808.3,1811.04,1806.48,1806.67,1808.465669,3501,6331438.644999999,107,1807.6,1811.04,1806.42,1807.0,1808.16078,15976,28887177.388899997,132
2020-12-07,13:30,13:30,1806.57,1807.93,1802.65,1807.36,1805.389352,3054,5513659.155,118,1807.14,1808.0,1803.04,1806.083,1805.427899,12370,22333142.7353,106
2020-12-07,14:00,14:00,1806.26,1808.995,1804.27,1807.885,1806.182161,2703,4882110.455000001,87,1806.49,1809.36,1804.16,1808.09,1806.644263,10502,18973377.7513,88
2020-12-07,14:30,14:30,1808.31,1813.29,1808.21,1809.68,1811.463417,4096,7419754.0950000025,108,1808.29,1813.5,1808.29,1810.03,1810.819422,18050,32685287.587499995,127
2020-12-07,15:00,15:00,1810.04,1811.67,1806.25,1810.61,1808.852471,1087,1966222.5250000004,75,1810.28,1812.06,1806.21,1810.795,1809.160388,10234,18514946.834400002,87
2020-12-07,15:30,15:30,1811.11,1817.74,1807.77,1816.72,1812.870021,4090,7414638.63,168,1810.92,1817.89,1807.28,1817.03,1813.687321,45150,81887984.50500001,392
2020-12-08,09:30,09:30,1808.365,1812.37,1797.81,1801.1,1804.920499,8834,15944667.630000003,236,1808.52,1812.335,1797.48,1801.02,1806.35608,47868,86466661.42000002,272
2020-12-08,10:00,10:00,1801.05,1806.84,1791.81,1798.72,1798.981973,8522,15330925.59,200,1799.12,1807.735,1791.28,1797.78,1799.255961,42926,77234865.48099999,362
2020-12-08,10:30,10:30,1798.1,1808.48,1797.81,1807.84,1803.372343,4630,8349614.4,115,1798.0,1808.48,1797.7,1807.275,1802.629161,26734,48191488.44690001,223
2020-12-08,11:00,11:00,1807.57,1810.69,1805.66,1809.4,1807.823219,3784,6840803.465000003,132,1807.727,1811.43,1805.54,1809.4,1807.954002,14270,25799504.345099997,125
2020-12-08,11:30,11:30,1809.805,1811.53,1805.3,1811.16,1808.408948,3521,6367408.055,101,1809.515,1811.49,1805.21,1811.49,1808.175955,8247,14912028.122000001,74
2020-12-08,12:00,12:00,1811.43,1814.26,1808.44,1808.66,1810.728662,3594,6507759.39,103,1811.41,1814.04,1808.0,1809.0,1810.564775,9787,17719997.969499998,87
2020-12-08,12:30,12:30,1809.6,1809.6,1806.06,1806.955,1807.43907,1981,3580536.8699999996,89,1809.405,1809.405,1806.02,1806.955,1807.414532,12245,22131791.843999997,110
2020-12-08,13:00,13:00,1806.51,1808.47,1804.17,1807.04,1806.301971,1927,3480743.7949999995,84,1806.67,1809.02,1804.17,1806.81,1806.388534,11454,20690374.6971,101
2020-12-08,13:30,13:30,1806.385,1807.59,1803.35,1803.35,1806.369898,1548,2796260.605,77,1807.43,1807.83,1802.71,1802.71,1805.781762,10760,19430211.93,91
2020-12-08,14:00,14:00,1803.49,1806.87,1803.49,1806.01,1805.192244,1719,3103125.6750000007,78,1803.12,1806.805,1802.64,1806.05,1805.090785,7924,14303538.677399999,76
2020-12-08,14:30,14:30,1806.74,1809.07,1806.67,1807.19,1807.861106,4311,7793688.864999998,123,1807.78,1809.0,1806.46,1807.19,1807.70953,15465,27956227.728699997,120
2020-12-08,15:00,15:00,1807.485,1812.7,1807.14,1811.59,1809.831229,3444,6233059.4,118,1807.74,1812.51,1807.06,1811.45,1809.901018,11921,21575829.7644,110
2020-12-08,15:30,15:30,1811.43,1815.63,1808.51,1812.075,1811.848149,10047,18203637.07,321,1810.82,1815.97,1808.84,1810.75,1811.703023,49284,89287971.8812,452
2020-12-09,09:30,09:30,1810.24,1828.33,1808.01,1822.53,1819.998603,10393,18915246.05,215,1810.36,1828.37,1809.547,1823.68,1818.198074,70293,127806597.006,434
2020-12-09,10:00,10:00,1821.85,1824.29,1819.02,1822.85,1821.520509,3740,6812487.139999998,99,1821.81,1824.47,1819.16,1822.82,1821.602426,21868,39834800.04090001,178
2020-12-09,10:30,10:30,1822.32,1823.43,1817.56,1819.07,1820.282873,5456,9931463.739999998,130,1822.701,1823.48,1817.06,1818.545,1820.401608,19702,35865552.6734,179
2020-12-09,11:00,11:00,1819.5,1819.54,1811.3,1813.39,1813.814709,3538,6417276.83,92,1818.65,1819.125,1810.76,1813.83,1813.595488,13868,25150943.121,120
2020-12-09,11:30,11:30,1813.37,1814.455,1810.09,1813.71,1811.880212,1773,3212463.475,85,1811.88,1814.295,1810.045,1814.13,1811.99132,7992,14481434.806999998,68
2020-12-09,12:00,12:00,1813.96,1814.48,1802.21,1806.11,1807.653591,4559,8241092.214999999,98,1813.74,1814.5,1803.14,1806.64,1808.62294,20631,37313701.5985,177
2020-12-09,12:30,12:30,1805.83,1805.9,1795.06,1797.7,1799.679375,5768,10380550.389999999,172,1806.15,1806.15,1795.0,1797.53,1799.670654,19625,35318536.6204,155
2020-12-09,13:00,13:00,1796.79,1800.935,1789.98,1790.8,1795.991674,4174,7496469.400000001,109,1797.01,1800.3,1789.712,1791.3,1795.451001,24516,44017276.94099999,206
2020-12-09,13:30,13:30,1791.06,1791.06,1779.14,1779.58,1785.54341,5430,9695500.755,138,1791.06,1791.06,1778.69,1779.19,1785.628264,26670,47622706.408099994,218
2020-12-09,14:00,14:00,1780.41,1782.725,1775.44,1778.85,1779.591437,6687,11900128.03,166,1779.89,1782.38,1775.44,1779.085,1779.235765,48073,85533198.5842,379
2020-12-09,14:30,14:30,1778.07,1778.37,1766.42,1771.8,1770.323763,12153,21514745.055,222,1778.46,1779.13,1766.02,1772.46,1771.060953,58589,103764694.6945,488
2020-12-09,15:00,15:00,1771.16,1774.34,1763.41,1763.865,1769.470526,10180,18013210.825,250,1771.49,1773.96,1763.145,1763.15,1769.010522,35923,63548165.791600004,322
2020-12-09,15:30,15:30,1763.38,1781.81,1762.28,1778.3,1773.836274,20581,36507326.43,507,1763.15,1782.24,1762.0,1775.49,1774.151349,111761,198280948.47640002,970
2020-12-10,09:30,09:30,1764.0,1764.0,1734.06,1759.41,1750.729285,36783,64397079.125,465,1762.6,1764.99,1733.527,1757.62,1752.581904,220551,386533687.4467,1493
2020-12-10,10:00,10:00,1758.04,1766.47,1752.28,1760.09,1760.305305,6097,10732581.854999997,134,1757.7,1767.28,1751.005,1759.23,1760.748147,36904,64978649.62789999,300
2020-12-10,10:30,10:30,1760.35,1772.13,1759.61,1771.49,1765.994373,11004,19433002.039999995,214,1759.24,1772.71,1759.24,1772.18,1766.643719,36807,65024859.4231,275
2020-12-10,11:00,11:00,1770.69,1774.6,1768.86,1773.38,1771.452175,2775,4915780.025,93,1770.5,1774.46,1768.28,1773.055,1771.599196,16549,29318194.720500004,119
2020-12-10,11:30,11:30,1772.69,1772.69,1764.03,1766.57,1769.136373,6787,12007129.750000002,108,1773.5,1773.5,1764.52,1766.61,1768.767715,22214,39291407.915,149
2020-12-10,12:00,12:00,1766.24,1773.95,1766.11,1771.99,1771.025676,8069,14290407.204999998,172,1766.24,1774.86,1766.24,1771.7,1771.213181,34695,61452247.343499996,276
2020-12-10,12:30,12:30,1771.69,1774.65,1766.08,1766.23,1771.163815,4663,8258936.87,80,1771.69,1774.99,1765.42,1765.42,1772.276229,18558,32889903.075,175
2020-12-10,13:00,13:00,1765.44,1771.18,1765.44,1769.84,1769.009492,2618,4631266.9399999995,73,1765.44,1771.18,1765.44,1770.71,1769.237426,12198,21581159.914,114
2020-12-10,13:30,13:30,1770.21,1770.31,1763.87,1766.24,1766.545208,4226,7465420.33,104,1770.17,1770.17,1763.82,1765.53,1766.547217,16341,28867146.5533,153
2020-12-10,14:00,14:00,1766.92,1767.21,1762.24,1763.28,1765.06049,4411,7785681.789999998,109,1766.34,1767.29,1763.02,1764.21,1765.2582,22809,40263778.17,218
2020-12-10,14:30,14:30,1762.805,1765.63,1754.82,1755.115,1760.718366,5385,9481468.36,159,1763.91,1765.69,1754.735,1755.5,1761.305344,24342,42873697.410000004,210
2020-12-10,15:00,15:00,1755.175,1764.295,1755.175,1763.77,1760.525153,6466,11383555.954999998,182,1755.79,1764.295,1755.43,1762.98,1760.248196,23029,40536760.6203,219
2020-12-10,15:30,15:30,1763.59,1769.42,1763.44,1767.36,1767.587528,12000,21211050.574999996,349,1763.99,1769.54,1763.1,1767.77,1767.708772,70420,124482050.78579998,635
2020-12-11,09:30,09:30,1759.09,1766.65,1752.24,1760.965,1759.854219,6722,11829740.54,204,1760.0,1766.93,1752.74,1760.5,1759.899456,47360,83348844.3762,251
2020-12-11,10:00,10:00,1759.46,1766.995,1759.46,1764.38,1762.917995,4216,7432462.09,139,1760.51,1767.585,1759.45,1764.372,1762.54448,26483,46677464.73810001,173
2020-12-11,10:30,10:30,1763.21,1763.375,1759.055,1761.72,1760.106997,5636,9919963.860000001,127,1763.375,1763.375,1758.88,1760.46,1760.168057,26651,46910242.6985,221
2020-12-11,11:00,11:00,1762.225,1764.71,1758.79,1758.79,1761.117731,2972,5234041.915,102,1761.64,1764.46,1758.88,1759.13,1761.338913,11549,20341702.7905,99
2020-12-11,11:30,11:30,1758.7,1761.89,1755.78,1761.89,1758.27562,6338,11143951.23,113,1758.805,1761.59,1755.18,1760.99,1758.307171,24832,43662286.676,221
2020-12-11,12:00,12:00,1761.75,1761.75,1755.99,1757.6,1758.51295,2888,5078585.779999999,59,1761.62,1761.66,1755.18,1758.56,1758.992106,18124,31879972.505,122
2020-12-11,12:30,12:30,1758.2,1761.62,1754.355,1761.62,1757.680693,2638,4636761.72,72,1758.508,1761.54,1754.67,1761.42,1757.45769,15832,27824071.7452,136
2020-12-11,13:00,13:00,1761.44,1765.15,1760.1,1761.53,1762.320728,3528,6217467.875000003,98,1761.22,1764.58,1759.672,1761.92,1762.370115,11172,19689199.8654,100
2020-12-11,13:30,13:30,1762.29,1769.185,1761.805,1767.685,1765.706823,2445,4317153.5,90,1762.29,1769.99,1762.29,1768.71,1765.869108,9756,17227818.125,90
2020-12-11,14:00,14:00,1768.43,1771.93,1767.26,1770.92,1769.163208,3348,5923158.135,102,1768.01,1771.93,1766.0,1770.395,1769.386706,12985,22975486.1519,110
2020-12-11,14:30,14:30,1771.75,1772.01,1768.1,1768.88,1769.74994,5372,9507097.584999999,147,1771.708,1771.75,1767.681,1768.88,1769.606663,17288,30592960.872,155
2020-12-11,15:00,15:00,1769.17,1775.34,1766.97,1770.945,1770.574552,5598,9911676.395000001,124,1769.1,1776.07,1766.88,1770.805,1770.627646,20489,36278391.8142,171
2020-12-11,15:30,15:30,1771.59,1777.15,1768.165,1774.34,1772.609875,13260,23504808.369999997,403,1771.59,1777.31,1768.33,1774.57,1773.042726,54849,97249620.8126,477
2020-12-14,09:30,09:30,1770.46,1789.035,1768.86,1788.73,1779.656382,16584,29513823.004999995,284,1770.72,1789.8,1768.365,1789.49,1777.985621,117549,209000426.54259998,740
2020-12-14,10:00,10:00,1788.655,1789.27,1774.04,1776.1,1779.809482,11615,20672487.30000001,244,1789.17,1789.27,1773.35,1776.1,1780.387558,59333,105635741.63719998,497
2020-12-14,10:30,10:30,1776.21,1776.32,1766.02,1767.53,1771.972473,5284,9363102.845,150,1776.21,1776.21,1766.45,1768.04,1771.6573,31573,55936534.374800004,279
2020-12-14,11:00,11:00,1769.21,1777.815,1766.24,1772.59,1772.489643,6127,10860045.28,146,1768.85,1777.53,1765.56,1772.29,1771.984026,41665,73829721.5605,336
2020-12-14,11:30,11:30,1771.85,1774.34,1769.08,1773.065,1771.687653,3409,6039683.590000002,99,1773.083,1773.6,1769.0,1772.825,1771.728176,24412,43251430.1239,207
2020-12-14,12:00,12:00,1772.39,1773.64,1766.95,1767.57,1770.614497,4781,8465307.76,102,1773.32,1774.02,1766.72,1767.57,1770.678408,29141,51599340.0146,255
2020-12-14,12:30,12:30,1766.84,1766.84,1759.27,1760.18,1762.31174,6399,11277032.6,126,1767.265,1767.265,1758.92,1760.18,1762.303438,33741,59461878.956599995,302
2020-12-14,13:00,13:00,1760.18,1762.82,1756.055,1761.1,1759.594952,5146,9054876.11,104,1760.55,1762.82,1756.055,1761.48,1759.689233,38364,67508722.3283,324
2020-12-14,13:30,13:30,1761.09,1764.5,1759.87,1761.89,1762.50297,4480,7896013.665000001,97,1760.37,1764.6,1759.8,1761.97,1762.027834,28765,50684730.8075,264
2020-12-14,14:00,14:00,1764.27,1764.27,1760.45,1763.44,1762.391353,5622,9908164.235,96,1764.27,1764.27,1759.71,1763.46,1762.494315,26493,46693761.2374,251
2020-12-14,14:30,14:30,1761.25,1761.875,1756.475,1758.31,1758.017618,3511,6172399.175000001,119,1762.6,1762.784,1756.35,1757.95,1757.927376,29500,51858858.20279999,257
2020-12-14,15:00,15:00,1759.02,1761.14,1758.19,1759.75,1759.899006,2851,5017472.245000002,130,1757.99,1761.27,1757.99,1759.67,1759.618243,25072,44117148.449999996,238
2020-12-14,15:30,15:30,1759.92,1759.92,1749.47,1752.25,1754.412281,18172,31881179.974999998,397,1759.65,1759.65,1749.13,1752.03,1754.086016,127783,224142374.1953,1139
2020-12-15,09:30,09:30,1757.755,1764.62,1752.26,1752.26,1758.043018,7590,13343545.91,205,1759.86,1764.0,1751.53,1751.53,1757.956232,56329,99023911.12709998,303
2020-12-15,10:00,10:00,1752.435,1756.63,1751.5,1752.79,1753.681886,3971,6963870.875,120,1752.91,1757.3,1750.46,1752.46,1753.782758,28434,49867058.792899996,261
2020-12-15,10:30,10:30,1753.52,1755.59,1749.62,1751.3,1751.957397,3021,5292663.26,77,1752.93,1755.59,1749.7,1751.65,1751.431421,12251,21456785.468200002,110
2020-12-16,09:30,09:30,1766.305,1767.56,1749.125,1752.37,1757.1858,12939,22736229.335000005,274,1769.11,1769.11,1749.06,1752.41,1758.902934,74368,130806094.95039998,483
2020-12-16,10:00,10:00,1752.87,1757.8,1751.745,1757.38,1754.994921,2529,4438382.100000001,107,1752.87,1757.59,1751.69,1757.41,1755.379248,29150,51169308.7102,268
2020-12-16,10:30,10:30,1758.455,1759.94,1757.48,1757.52,1758.247492,2644,4648806.46,70,1757.5,1760.11,1757.03,1757.03,1758.527469,28252,49681922.6186,249
2020-12-16,11:00,11:00,1758.28,1761.095,1755.49,1756.855,1758.237062,3247,5708995.914999999,156,1758.122,1760.92,1755.08,1756.855,1758.240746,18618,32734926.6694,169
2020-12-16,11:30,11:30,1756.14,1759.795,1755.4,1758.68,1758.048284,1497,2631798.4549999996,90,1756.45,1760.0,1755.44,1758.52,1758.022884,13980,24577159.360600002,127
2020-12-16,12:00,12:00,1758.47,1761.055,1757.42,1757.865,1759.302195,2275,4002412.5749999993,88,1758.83,1761.075,1757.28,1758.0,1759.276344,14893,26200902.7254,124
2020-12-16,12:30,12:30,1757.54,1757.99,1753.4,1755.51,1756.062145,2292,4024894.4750000006,69,1757.54,1758.075,1753.44,1754.95,1756.16737,12497,21946824.0405,115
2020-12-16,13:00,13:00,1755.46,1758.07,1753.805,1756.89,1755.670547,1957,3435847.2600000002,45,1755.47,1758.0,1753.66,1756.91,1755.835394,8402,14752530.14,79
2020-12-16,13:30,13:30,1756.8,1759.55,1756.8,1757.32,1758.343755,2887,5076338.82,79,1756.78,1759.375,1756.78,1757.3,1758.330812,11989,21080627.1711,110
2020-12-16,14:00,14:00,1757.83,1758.56,1750.18,1750.99,1753.824556,4320,7576521.765000001,129,1757.61,1758.33,1750.0,1750.8,1752.357643,37339,65431287.4159,252
2020-12-16,14:30,14:30,1750.84,1757.38,1750.84,1754.62,1755.476835,5783,10151922.649999997,156,1751.055,1757.57,1751.055,1754.69,1754.803504,28803,50543605.1785,256
2020-12-16,15:00,15:00,1754.56,1756.585,1750.435,1756.585,1754.014518,5134,9005110.875,156,1754.58,1756.53,1750.355,1756.53,1753.475561,30527,53528350.8969,279
2020-12-16,15:30,15:30,1756.52,1760.06,1755.08,1756.78,1757.449267,12255,21537542.659999996,281,1756.505,1759.89,1754.339,1757.1,1757.475921,68643,120638425.7923,635
2020-12-17,09:30,09:30,1761.99,1765.85,1758.59,1765.8,1762.977668,12696,22382765.485,223,1763.93,1766.71,1758.745,1764.81,1763.138557,86936,153280223.2074,549
2020-12-17,10:00,10:00,1765.86,1766.43,1749.555,1757.27,1756.657688,4717,8286154.739999999,124,1765.86,1766.61,1749.065,1757.225,1755.77993,53122,93270546.1975,434
2020-12-17,10:30,10:30,1756.66,1760.005,1749.9,1749.9,1755.870671,3557,6245632.55,112,1756.39,1761.33,1749.5,1749.82,1756.383907,23816,41830040.655200005,206
2020-12-17,11:00,11:00,1750.31,1753.78,1749.745,1752.26,1751.063585,5045,8834115.844999999,163,1750.82,1754.15,1749.91,1752.1,1751.477838,25585,44811558.9308,211
2020-12-17,11:30,11:30,1751.92,1751.94,1745.62,1750.07,1749.528216,5797,10142015.67,122,1752.17,1752.28,1745.01,1750.27,1749.211864,33383,58393940.4116,281
2020-12-17,12:00,12:00,1750.71,1752.82,1746.62,1747.34,1748.671762,1707,2984982.9850000003,61,1750.42,1752.65,1746.62,1747.37,1749.902155,15723,27513712.257999998,137
2020-12-17,12:30,12:30,1747.065,1749.59,1743.395,1746.97,1747.170257,11620,20302118.98,168,1746.69,1749.83,1743.44,1746.97,1747.097422,52747,92154158.73130001,424
2020-12-17,13:00,13:00,1746.64,1747.24,1738.65,1738.65,1742.480614,6187,10780727.79,136,1746.64,1747.06,1738.66,1739.04,1742.915903,40015,69742780.55360001,370
2020-12-17,13:30,13:30,1738.86,1741.905,1737.6,1741.64,1740.198857,8955,15583479.805,114,1738.66,1742.18,1737.37,1741.64,1739.739786,43104,74989743.92260002,341
2020-12-17,14:00,14:00,1741.3,1742.02,1737.5,1737.98,1740.252006,5143,8950116.020000001,104,1741.3,1742.17,1737.33,1737.8,1739.736782,32188,55998647.6812,284
2020-12-17,14:30,14:30,1737.95,1740.885,1737.95,1740.16,1739.754808,4996,8691814.39,103,1737.41,1741.06,1737.41,1740.0,1739.513801,29145,50698132.8893,254
2020-12-17,15:00,15:00,1740.42,1741.14,1733.83,1733.9,1738.804453,10646,18511311.720000003,185,1740.39,1741.01,1733.87,1734.33,1738.40599,51898,90219794.06299998,396
2020-12-17,15:30,15:30,1733.85,1740.45,1731.19,1740.45,1735.706091,17627,30595292.015000004,491,1733.8,1740.54,1731.15,1740.52,1736.378611,149058,258821116.8143,1205
2020-12-18,09:30,09:30,1747.1,1747.65,1730.32,1731.6,1738.905628,14132,24574214.135000005,264,1746.17,1748.36,1730.18,1731.52,1745.995799,321818,561892980.5751001,591
2020-12-18,10:00,10:00,1731.375,1732.1,1723.8,1725.72,1727.507689,6383,11026682.57,162,1731.61,1733.0,1723.545,1725.87,1727.429369,63499,109690043.07189998,546
2020-12-18,10:30,10:30,1726.75,1728.0,1721.78,1727.12,1724.062219,6684,11523632.47,188,1726.38,1728.43,1721.47,1727.64,1724.324583,35589,61366985.00380001,305
2020-12-18,11:00,11:00,1727.655,1727.73,1719.295,1721.35,1723.347135,3212,5535391.34,149,1727.54,1727.81,1718.89,1722.21,1722.764397,30176,51986134.353599995,263
2020-12-18,11:30,11:30,1720.98,1725.35,1720.98,1723.065,1724.2018,3524,6076086.654999998,117,1720.38,1726.04,1720.38,1724.01,1723.897279,36092,62218902.339200005,203
2020-12-18,12:00,12:00,1722.63,1725.34,1721.21,1722.665,1722.903603,9674,16667369.424999999,140,1722.4,1725.56,1721.21,1723.3,1722.864258,51278,88345038.10399999,274
2020-12-18,12:30,12:30,1723.005,1728.63,1723.005,1723.4,1724.751309,3086,5322582.94,72,1723.355,1728.779,1722.64,1722.64,1725.108741,34281,59138451.3609,250
2020-12-18,13:00,13:00,1723.65,1724.0,1718.63,1719.345,1721.580696,4690,8074214.195000001,114,1723.37,1724.0,1718.5,1719.5,1722.080694,55342,95303393.56399998,387
2020-12-18,13:30,13:30,1718.385,1721.36,1716.9,1721.36,1718.189355,6398,10992974.930000002,164,1718.91,1722.115,1716.785,1721.97,1718.411253,31236,53676296.024000004,298
2020-12-18,14:00,14:00,1720.91,1723.27,1718.72,1718.795,1721.063694,9625,16565239.634999996,237,1721.78,1723.67,1718.67,1718.795,1720.83498,42093,72435114.53999999,368
2020-12-18,14:30,14:30,1718.845,1722.0,1715.51,1717.45,1719.120887,7925,13624032.895000001,234,1718.845,1722.2,1715.0,1716.98,1719.289315,33006,56746857.8065,307
2020-12-18,15:00,15:00,1717.31,1720.145,1715.975,1720.04,1717.637845,11536,19814670.65,295,1717.28,1720.67,1715.925,1720.67,1717.714405,61031,104833833.9068,510
2020-12-18,15:30,15:30,1720.515,1733.725,1715.32,1728.32,1723.92277,37798,65160832.370000005,753,1720.24,1734.25,1715.4,1720.03,1724.209478,289968,499965594.27269995,2285
2020-12-21,09:30,09:30,1710.485,1721.37,1704.06,1705.25,1711.693357,14702,25165318.529999994,386,1709.13,1721.31,1705.0,1705.89,1712.132681,105621,180837171.76139998,608
2020-12-21,10:00,10:00,1705.84,1707.085,1694.455,1705.62,1701.747758,13324,22674085.979999997,358,1704.07,1706.335,1694.805,1705.15,1701.580791,77323,131571332.33509998,640
2020-12-21,10:30,10:30,1704.315,1705.785,1694.71,1701.07,1699.593008,8846,15034599.659999998,309,1705.08,1706.925,1694.0,1701.035,1699.205373,44536,75675813.1576,333
2020-12-21,11:00,11:00,1700.72,1713.81,1700.72,1712.55,1709.388058,5671,9693939.585,155,1700.76,1713.44,1700.02,1712.85,1708.287854,34486,58912018.721700005,309
2020-12-21,11:30,11:30,1712.2,1716.11,1709.53,1710.47,1713.508775,4057,6951705.075,123,1712.73,1716.055,1709.53,1709.6,1713.457701,13064,22384613.59,124
2020-12-21,12:00,12:00,1709.06,1719.97,1708.85,1718.61,1713.784014,5456,9350406.76,104,1709.77,1720.0,1708.333,1718.55,1712.969252,27061,46354662.7009,244
2020-12-21,12:30,12:30,1719.7,1722.135,1718.445,1720.18,1720.352335,3184,5477602.205,71,1719.41,1722.19,1718.525,1720.04,1720.390373,20718,35643048.234,178
2020-12-21,13:00,13:00,1720.11,1726.91,1719.735,1726.05,1724.692097,4552,7850799.085000001,105,1720.065,1727.0,1720.065,1725.53,1724.644955,22525,38847628.00660001,204
2020-12-21,13:30,13:30,1725.63,1728.89,1724.815,1725.99,1726.342875,5930,10237214.459999999,117,1725.5,1728.89,1725.22,1726.955,1726.895334,34205,59068456.5731,152
2020-12-21,14:00,14:00,1725.79,1730.58,1725.0,1730.385,1728.050398,3469,5994607.225000001,95,1726.0,1730.68,1725.09,1730.385,1727.86837,22505,38885678.5004,211
2020-12-21,14:30,14:30,1730.79,1736.155,1729.9,1733.695,1733.506162,6584,11413404.615000002,161,1730.375,1736.33,1729.91,1733.69,1733.744391,30287,52509920.10289998,263
2020-12-21,15:00,15:00,1734.51,1736.19,1732.35,1733.905,1734.607569,11938,20707745.750000007,270,1733.94,1736.28,1731.95,1733.905,1734.671786,42432,73605598.8218,384
2020-12-21,15:30,15:30,1733.89,1736.58,1729.17,1735.8,1733.622417,15497,26865946.055000003,302,1733.715,1737.0,1729.18,1734.56,1733.959554,97155,168462855.6371,894
2020-12-22,09:30,09:30,1728.685,1731.67,1718.43,1726.23,1726.485243,10804,18652947.995,387,1729.33,1731.67,1717.26,1726.73,1726.923915,53494,92380078.94970001,286
2020-12-22,10:00,10:00,1725.98,1727.98,1717.215,1722.845,1721.503368,11094,19098359.830000002,355,1725.98,1728.27,1717.3,1722.26,1721.594939,37304,64222379.11980001,326
2020-12-22,10:30,10:30,1722.87,1732.68,1722.555,1729.77,1729.824534,7813,13515118.764999997,289,1722.87,1732.612,1722.24,1729.622,1729.657339,25992,44957256.85509999,228
2020-12-22,11:00,11:00,1730.095,1730.095,1720.505,1721.86,1724.400605,5022,8659940.31,230,1730.095,1730.095,1720.404,1721.14,1724.386825,17188,29638760.2773,155
2020-12-22,11:30,11:30,1721.6,1721.6,1706.795,1713.03,1713.553688,4297,7363141.085000003,144,1721.0,1721.0,1705.78,1713.815,1712.635057,31728,54338484.88200001,247
2020-12-22,12:00,12:00,1713.675,1718.2,1713.675,1717.85,1716.016923,3361,5767533.15,109,1713.675,1718.64,1713.675,1716.58,1716.351622,28553,49006986.891200006,256
2020-12-22,12:30,12:30,1717.3,1718.95,1714.0,1714.12,1716.184193,2053,3523326.3200000003,74,1716.812,1718.99,1713.675,1714.42,1715.979206,12299,21104828.5446,116
2020-12-22,13:00,13:00,1714.32,1716.86,1713.27,1716.06,1715.004362,2782,4771142.024999999,68,1714.9,1717.13,1713.355,1716.39,1714.819764,18073,30991938.713499997,150
2020-12-22,13:30,13:30,1715.82,1717.45,1714.18,1715.6,1715.817805,1811,3107346.015,59,1715.82,1717.75,1714.48,1715.57,1716.21415,16553,28408495.251,140
2020-12-22,14:00,14:00,1716.81,1718.335,1714.77,1715.97,1717.227652,7307,12547782.09,144,1716.905,1718.37,1714.91,1715.85,1716.851054,29489,50628222.35760001,262
2020-12-22,14:30,14:30,1716.38,1718.12,1714.94,1717.29,1716.526366,2447,4200340.015000001,134,1716.41,1718.14,1714.96,1715.795,1716.552646,11763,20191808.8595,98
2020-12-22,15:00,15:00,1716.54,1718.115,1713.64,1716.135,1716.324882,6272,10764789.9,306,1717.26,1717.63,1714.205,1716.125,1716.311861,15192,26074210.5497,138
2020-12-22,15:30,15:30,1716.125,1720.78,1713.06,1720.07,1717.925654,12079,20750823.835,398,1716.125,1720.94,1713.32,1720.23,1718.34569,72562,124686600.6024,649
2020-12-23,09:30,09:30,1723.93,1742.57,1723.315,1727.65,1730.883035,8371,14489221.940000003,233,1723.93,1744.11,1723.312,1727.42,1731.557517,77863,134824282.5616,417
2020-12-23,10:00,10:00,1727.85,1728.03,1722.85,1727.0,1725.446245,5557,9588304.940000001,229,1727.68,1728.21,1722.93,1726.493,1725.346602,28719,49550230.258600004,242
2020-12-23,10:30,10:30,1725.98,1731.085,1721.13,1724.88,1726.147308,2721,4696847.119999999,93,1726.4,1732.0,1721.45,1724.725,1725.587345,18349,31662802.533400003,150
2020-12-23,11:00,11:00,1724.75,1725.67,1721.865,1723.105,1723.587264,1541,2656048.2499999995,69,1724.05,1726.16,1721.58,1722.41,1723.822256,12429,21425387.0361,105
2020-12-23,11:30,11:30,1723.56,1723.94,1721.82,1722.29,1722.698352,3025,5211163.039999999,132,1722.99,1723.8,1721.2,1722.83,1722.55169,13306,22920271.9306,123
2020-12-23,12:00,12:00,1722.83,1726.14,1721.635,1726.14,1723.41206,1343,2314542.6599999997,64,1723.932,1726.37,1721.43,1726.06,1723.672131,12456,21470058.023000002,72
2020-12-23,12:30,12:30,1726.99,1728.6,1725.955,1726.9,1727.032222,2698,4659532.800000001,95,1726.095,1728.63,1725.671,1726.78,1726.970757,10715,18504492.9782,87
2020-12-23,13:00,13:00,1726.195,1730.68,1726.195,1730.09,1729.090955,7897,13654631.279999997,150,1726.38,1731.05,1726.38,1730.09,1728.970906,22520,38936425.8,204
2020-12-23,13:30,13:30,1730.0,1737.23,1729.84,1734.74,1733.847523,3984,6907648.71,111,1730.0,1737.44,1729.7,1735.15,1734.326574,20418,35411480.76500001,174
2020-12-23,14:00,14:00,1734.25,1735.08,1730.695,1730.795,1732.731795,2478,4293709.495,102,1734.2,1734.95,1730.819,1731.04,1732.517095,11658,20197684.896199998,83
2020-12-23,14:30,14:30,1730.98,1732.53,1730.51,1730.82,1731.858958,3052,5285633.585,82,1731.17,1732.83,1730.565,1731.07,1731.837633,9428,16327765.3847,78
2020-12-23,15:00,15:00,1730.885,1736.46,1730.8,1733.69,1734.03814,5022,8708339.13,140,1730.885,1736.72,1729.92,1733.94,1734.069565,41792,72470239.6445,300
2020-12-23,15:30,15:30,1733.56,1738.0,1727.25,1727.25,1733.262369,11167,19355342.084999997,230,1734.0,1738.16,1727.25,1727.4,1733.13898,96338,166967150.39820004,861
